{"cameraMode":{"drawMode":0,"name":"Shaded","section":"Shading Mode"},"sceneLighting":false,"audioPlay":false,"sceneViewState":{"m_AlwaysRefresh":false,"showFog":true,"showSkybox":false,"showFlares":true,"showImageEffects":true,"showParticleSystems":true,"showVisualEffectGraphs":true,"m_FxEnabled":true},"in2DMode":false,"pivot":{"x":0.31724706292152407,"y":0.6288931369781494,"z":-0.21708327531814576},"rotation":{"x":0.24225786328315736,"y":-0.5768457651138306,"z":0.1844034194946289,"w":0.758293628692627},"size":0.6603418588638306,"orthographic":false}