{"cameraMode":{"drawMode":0,"name":"Shaded","section":"Shading Mode"},"sceneLighting":false,"audioPlay":false,"sceneViewState":{"m_AlwaysRefresh":false,"showFog":true,"showSkybox":false,"showFlares":true,"showImageEffects":true,"showParticleSystems":true,"showVisualEffectGraphs":true,"m_FxEnabled":true},"in2DMode":false,"pivot":{"x":-0.1269422471523285,"y":0.016838882118463517,"z":0.31106752157211306},"rotation":{"x":0.005016013979911804,"y":0.9835746884346008,"z":-0.17932042479515077,"w":0.033235952258110049},"size":0.6741845607757568,"orthographic":false}